ID,Title,Company,Category
https://job.incruit.com/jobdb_info/jobpost.asp?job=2211250003986,어플리케이션 소프트웨어 엔지니어 (청주),(주)씨메스,"소프트웨어·하드웨어,통신·모바일"
https://job.incruit.com/jobdb_info/jobpost.asp?job=2301190003701,주니어 디벨로퍼(Junior Developer) 모집 (경력 무관),(주)트레져러,"데이터베이스·DBA,응용프로그래머"
https://job.incruit.com/jobdb_info/jobpost.asp?job=2301300000536,[경력직 채용] 리서치본부 인덱스개발팀,NH투자증권(주),"빅데이터·AI(인공지능),ERP·시스템분석·설계"
https://job.incruit.com/jobdb_info/jobpost.asp?job=2301200003990,QA Engineer 업비트 서비스 (주니어),두나무(주),"컨텐츠·사이트운영,웹프로그래머,통신·모바일"
https://job.incruit.com/jobdb_info/jobpost.asp?job=2210120001640,[코스닥 상장사]디어유 22년 각 부문 경력 채용,(주)디어유,"웹프로그래머,컨텐츠·사이트운영"
https://job.incruit.com/jobdb_info/jobpost.asp?job=2301020002219,레드팀 스페셜리스트 경력채용,현대오토에버(주),네트워크·서버·보안
https://job.incruit.com/jobdb_info/jobpost.asp?job=2212220005335,[디지털일자리매칭플랫폼] Data Scientist,윙크스톤파트너스,투자·분석·증권·외환
https://job.incruit.com/jobdb_info/jobpost.asp?job=2301160004685,Learning Architect (Data Engineering),주식회사 코드스테이츠,"데이터베이스·DBA,응용프로그래머"
https://job.incruit.com/jobdb_info/jobpost.asp?job=2301300000157,인프라 엔지니어(Global),리디주식회사,"웹프로그래머,응용프로그래머"
https://job.incruit.com/jobdb_info/jobpost.asp?job=2302070002917,[에이디]-웹관리자 모집,(주)에이디,"컨텐츠·사이트운영,네트워크·서버·보안,웹기획·웹마케팅·PM,전산·IT기술지원"
https://job.incruit.com/jobdb_info/jobpost.asp?job=2209260007598,데이터분석 신입/경력 정규직 채용,블록스퀘어서울,ERP·시스템분석·설계
https://job.incruit.com/jobdb_info/jobpost.asp?job=2207250003151,[로민] 백엔드(Back-end) 개발자 채용,주식회사 로민,"웹프로그래머,빅데이터·AI(인공지능)"
https://job.incruit.com/jobdb_info/jobpost.asp?job=2212200001548,"Machine Learning Engineer, Personalization",(주)야놀자,"응용프로그래머,빅데이터·AI(인공지능),웹프로그래머"
https://job.incruit.com/jobdb_info/jobpost.asp?job=2301190003795,[티빙] 데이터/검색 엔지니어 (Data/Search Engineer) 경력채용,(주)티빙,"응용프로그래머,광고영업"
https://job.incruit.com/jobdb_info/jobpost.asp?job=2210290000631,리서치 경력직 연구원 모집,주식회사 리서치앤유,조사·분석·통계
https://job.incruit.com/jobdb_info/jobpost.asp?job=2209290005998,[상시] MLOps 엔지니어,(주)니어스랩,"빅데이터·AI(인공지능),응용프로그래머"
https://job.incruit.com/jobdb_info/jobpost.asp?job=2302010003496,"대전 추천시스템,빅데이터 S/W 개발자 채용 공고",주식회사 이에프,응용프로그래머
https://job.incruit.com/jobdb_info/jobpost.asp?job=2301200002007,[던전앤파이터][TA팀] TA 모집,(주)네오플,전산·IT기술지원
https://job.incruit.com/jobdb_info/jobpost.asp?job=2103300001490,"토탈제어시스템, 임베디드(Embedded) 외 신입/경력 인턴 채용",엔아이스퀘어,"빅데이터·AI(인공지능),시스템프로그래머,ERP·시스템분석·설계"
https://job.incruit.com/jobdb_info/jobpost.asp?job=2301310003055,웹/서버 프로그램 개발자 모집 (신입/경력) 채용,좋은인터넷 주식회사,"웹프로그래머,응용프로그래머,네트워크·서버·보안,게임(Game),컨텐츠·사이트운영"
https://job.incruit.com/jobdb_info/jobpost.asp?job=2302010000328,[토스뱅크] CSS Modeler,(주)비바리퍼블리카,"데이터베이스·DBA,응용프로그래머"
https://job.incruit.com/jobdb_info/jobpost.asp?job=2301190005150,"[메가존클라우드] Cloud Presales Engineer, AWS",메가존클라우드(주),"ERP·시스템분석·설계,응용프로그래머"
https://job.incruit.com/jobdb_info/jobpost.asp?job=2301260000203,Senior Data Scientist - Korea,(주)모로코,"응용프로그래머,빅데이터·AI(인공지능)"
https://job.incruit.com/jobdb_info/jobpost.asp?job=2301190003822,[티빙] 머신러닝 엔지니어 (Machine Learning Engineer) 경력채용,(주)티빙,"ERP·시스템분석·설계,응용프로그래머"
https://job.incruit.com/jobdb_info/jobpost.asp?job=2302080004624,[KREAM] 백엔드 서비스 개발자 모집,크림,"네트워크·서버·보안,응용프로그래머"
https://job.incruit.com/jobdb_info/jobpost.asp?job=2302010000384,[토스증권] System Engineer,(주)비바리퍼블리카,"ERP·시스템분석·설계,응용프로그래머"
https://job.incruit.com/jobdb_info/jobpost.asp?job=2203070000443,Application developer - Back-end 개발자 채용,주식회사 코그넷나인,"빅데이터·AI(인공지능),웹프로그래머"
https://job.incruit.com/jobdb_info/jobpost.asp?job=2301190005081,"[메가존클라우드] Solutions Architect, K-Cloud",메가존클라우드(주),"ERP·시스템분석·설계,응용프로그래머"
https://job.incruit.com/jobdb_info/jobpost.asp?job=2302080004617,[KREAM] 백엔드 검색 시스템 개발자 모집,크림,"광고영업,응용프로그래머"
https://job.incruit.com/jobdb_info/jobpost.asp?job=2301190003842,[티빙] 데이터 사이언티스트 (Data Scientist) 경력채용,(주)티빙,"응용프로그래머,광고영업"
https://job.incruit.com/jobdb_info/jobpost.asp?job=2112130003561,인공지능 솔루션 (AI Solution) 개발,(주)카이어,"응용프로그래머,빅데이터·AI(인공지능)"
https://job.incruit.com/jobdb_info/jobpost.asp?job=2301300007083,(주)아파트엔 정규직(경력) SW 개발자를 모집합니다.,(주)아파트엔,응용프로그래머
https://job.incruit.com/jobdb_info/jobpost.asp?job=2210310004080,딥러닝 신입/경력 정규직 채용,(주)어밸브,빅데이터·AI(인공지능)
https://job.incruit.com/jobdb_info/jobpost.asp?job=2301300001878,[개발팀] 네트워크 스토리지 연구 및 구축/운영 담당자 모집,카페24 주식회사,"전산·IT기술지원,응용프로그래머,웹프로그래머"
https://job.incruit.com/jobdb_info/jobpost.asp?job=2302030005401,[제로투원코딩] 코딩강사 구인,제로투원코딩학원,IT·문화·직업강사
https://job.incruit.com/jobdb_info/jobpost.asp?job=2301180004057,AI GAN 연구원 채용 / 병역특례(전문연구요원) 포함,(주)디비엔텍,빅데이터·AI(인공지능)
https://job.incruit.com/jobdb_info/jobpost.asp?job=2205020000647,"딥러닝, 인공지능(AI) 외 신입/경력 정규직 채용",포인드(주),"빅데이터·AI(인공지능),소프트웨어·하드웨어,응용프로그래머"
https://job.incruit.com/jobdb_info/jobpost.asp?job=2301160000070,Data Engineer (전문연구요원),(주)비바리퍼블리카,"응용프로그래머,빅데이터·AI(인공지능)"
https://job.incruit.com/jobdb_info/jobpost.asp?job=2301270004673,"웹개발, 스마트폰 어플리케이션(App) 외 경력 채용",(주)파이퀀트,"웹프로그래머,통신·모바일,데이터베이스·DBA"
https://job.incruit.com/jobdb_info/jobpost.asp?job=2111120001577,셀프 인테리어를 위한 AI 플랫폼 서비스 개발자 모집,(주)서르,"웹프로그래머,응용프로그래머,ERP·시스템분석·설계"
https://job.incruit.com/jobdb_info/jobpost.asp?job=2210030000649,다날핀테크 개발본부 Web개발 경력사원 모집,(주)다날핀테크,"웹프로그래머,데이터베이스·DBA,응용프로그래머"
https://job.incruit.com/jobdb_info/jobpost.asp?job=2210140001725,[안진회계법인] 리스크자문본부 Data Analytics 컨설팅 인턴 채용,안진회계법인,"ERP·시스템분석·설계,네트워크·서버·보안,빅데이터·AI(인공지능)"
https://job.incruit.com/jobdb_info/jobpost.asp?job=2108240004802,[대기업] 데이터 엔지니어 (BI 개발) 과차장급,에이치알니즈,"데이터베이스·DBA,웹프로그래머,빅데이터·AI(인공지능)"
https://job.incruit.com/jobdb_info/jobpost.asp?job=2301260000629,웹개발자(웹엔지니어) 경력직 직원 모집,대성정보시스템,"웹프로그래머,응용프로그래머"
https://job.incruit.com/jobdb_info/jobpost.asp?job=2301020002847,DevOps 개발자(Back-End/Front-End) 영입,베스핀글로벌(주),"웹프로그래머,응용프로그래머"
https://job.incruit.com/jobdb_info/jobpost.asp?job=2302060001535,순천 IT 기업 프론트앤드 1명 백앤드 1명 풀스택 1명,(주)수복지용구의료기,응용프로그래머
https://job.incruit.com/jobdb_info/jobpost.asp?job=2211170002972,[네이버계열사][NIT Service] 네이버 파이낸셜 플랫폼 운영,엔아이티서비스 주식회사,"네트워크·서버·보안,전산·IT기술지원,응용프로그래머"
https://job.incruit.com/jobdb_info/jobpost.asp?job=2302010004095,Deep learning기반 영상 인식 개발자 모집,(주)앤씨앤,"ERP·시스템분석·설계,빅데이터·AI(인공지능),응용프로그래머,전산·IT기술지원"
https://job.incruit.com/jobdb_info/jobpost.asp?job=2209300001745,다날핀테크 개발본부 DB개발 경력사원 모집,(주)다날핀테크,"데이터베이스·DBA,빅데이터·AI(인공지능)"
https://job.incruit.com/jobdb_info/jobpost.asp?job=2302010004073,3D 비전 Researcher 모집,(주)앤씨앤,"응용프로그래머,조사·분석·통계,전자·반도체"
https://job.incruit.com/jobdb_info/jobpost.asp?job=2206210006680,[글로벌디지털마케팅] 데이터 분석 신입/경력 정규직 채용,콘센트릭스서비스코리아,"ERP·시스템분석·설계,조사·분석·통계,데이터베이스·DBA,웹프로그래머,응용프로그래머"
https://job.incruit.com/jobdb_info/jobpost.asp?job=2211250000514,[반도체IP 개발사] SW Test Engineer,(주)칩스앤미디어,"전자·반도체,연구원·연구개발,소프트웨어·하드웨어,전산·IT기술지원,응용프로그래머,시스템프로그래머"
https://job.incruit.com/jobdb_info/jobpost.asp?job=2208290002686,[Data Analytics팀] DA분석컨설팅 직무,롯데정보통신(주),"ERP·시스템분석·설계,웹프로그래머,응용프로그래머"
https://job.incruit.com/jobdb_info/jobpost.asp?job=2301260000630,웹개발자(웹엔지니어) 신입 직원 모집,대성정보시스템,"웹프로그래머,응용프로그래머"
https://job.incruit.com/jobdb_info/jobpost.asp?job=2302010003853,자율주행 제어 엔지니어 모집,(주)앤씨앤,"응용프로그래머,전자·반도체,기계·금속·재료"
https://job.incruit.com/jobdb_info/jobpost.asp?job=2302010003130,응용 소프트웨어 개발자,(주)앤씨앤,"소프트웨어·하드웨어,응용프로그래머,전산·IT기술지원"
https://job.incruit.com/jobdb_info/jobpost.asp?job=2202230007152,"프로그래밍, 네트워크/정보보안, IoT/사물인터넷 직업훈련교사 채용",경북산업직업전문학교,IT·문화·직업강사
https://job.incruit.com/jobdb_info/jobpost.asp?job=2212130004504,블록체인 백엔드 개발자 경력직 채용,주식회사 인피닛블록,"웹프로그래머,네트워크·서버·보안"
https://job.incruit.com/jobdb_info/jobpost.asp?job=2301260001211,"웹개발, JAVA 외 경력 채용",(주)에이블테라퓨틱스,"웹프로그래머,응용프로그래머"
https://job.incruit.com/jobdb_info/jobpost.asp?job=2302020003598,함께 할 프로그래머를 모십니다(경력),에프에스,"응용프로그래머,웹프로그래머"
https://job.incruit.com/jobdb_info/jobpost.asp?job=2102020000568,2022년 상반기 R&D 개발자 모집 (병역특례 가능/경력 무관),(주)네오스텍,"소프트웨어·하드웨어,응용프로그래머,시스템프로그래머"
https://job.incruit.com/jobdb_info/jobpost.asp?job=2301270007142,AI 데이터 분석 및 IT개발 인재 모집,(주)에스디테크,ERP·시스템분석·설계
https://job.incruit.com/jobdb_info/jobpost.asp?job=2301270001600,[근무시간 선택가능] 개발자 채용(경력),(주)키온비트,"빅데이터·AI(인공지능),응용프로그래머,데이터베이스·DBA"
https://job.incruit.com/jobdb_info/jobpost.asp?job=2302070005990,(주)에스엠소프트 2023 정기채용 - 책임/수석급 개발자 채용 (정규직),(주)에스엠소프트,응용프로그래머
https://job.incruit.com/jobdb_info/jobpost.asp?job=2302060003611,S/W 임베디드 엔지니어 경력직 모집 [농업용 기계],주식회사 호산비전,"전자·반도체,시스템프로그래머"
https://job.incruit.com/jobdb_info/jobpost.asp?job=2104070005562,이공지능(AI) / 딥러닝 / Computer Vision 경력자 정규직 채용,(주)더블미,"응용프로그래머,빅데이터·AI(인공지능)"
https://job.incruit.com/jobdb_info/jobpost.asp?job=2207080004367,[글로벌디지털마케팅] 디지털 데이터 분석 및 운영 담당자 정규직 모집,콘센트릭스서비스코리아,"ERP·시스템분석·설계,빅데이터·AI(인공지능)"
https://job.incruit.com/jobdb_info/jobpost.asp?job=2302010002984,포인드(주) 인공지능·딥러닝 개발자 채용 (신입),포인드(주),응용프로그래머
https://job.incruit.com/jobdb_info/jobpost.asp?job=2301300001909,[데이터파이프라인팀] 백엔드(Backend) 개발자 모집,카페24 주식회사,웹프로그래머
https://job.incruit.com/jobdb_info/jobpost.asp?job=2301300006964,데이터 파이프라인 개발자 (경력),이마고웍스(주),"빅데이터·AI(인공지능),데이터베이스·DBA"
https://job.incruit.com/jobdb_info/jobpost.asp?job=2301020005596,자사솔루션 (OCEAN) 개발 및 구축 (경력 5년 이상),에스넷시스템(주),"웹프로그래머,응용프로그래머,빅데이터·AI(인공지능)"
https://job.incruit.com/jobdb_info/jobpost.asp?job=2302010002738,포인드(주) 인공지능·딥러닝 개발자 채용 (경력),포인드(주),응용프로그래머
https://job.incruit.com/jobdb_info/jobpost.asp?job=2301190005073,[메가존클라우드] Data Business Consultant,메가존클라우드(주),"웹프로그래머,응용프로그래머,빅데이터·AI(인공지능)"
https://job.incruit.com/jobdb_info/jobpost.asp?job=2104290003185,코박(Cobak) Back-end 개발 경력 정규직 채용,(주)판도라티비,"웹프로그래머,웹기획·웹마케팅·PM"
https://job.incruit.com/jobdb_info/jobpost.asp?job=2205210000116,"SI, SM, R&D 경력 정규직 채용",코어디아이티 주식회사,"웹프로그래머,응용프로그래머,ERP·시스템분석·설계"
https://job.incruit.com/jobdb_info/jobpost.asp?job=2211080004574,데이터플랫폼팀 데이터분석가(Data Analyst),(주)컬리,"웹프로그래머,응용프로그래머,빅데이터·AI(인공지능)"
https://job.incruit.com/jobdb_info/jobpost.asp?job=2301200001386,"[메가존클라우드] Solutions Architect, DevOps",메가존클라우드(주),"웹프로그래머,빅데이터·AI(인공지능),응용프로그래머"
https://job.incruit.com/jobdb_info/jobpost.asp?job=2301110001970,플리토 Data Engineer,(주)플리토,"웹프로그래머,응용프로그래머,빅데이터·AI(인공지능)"
https://job.incruit.com/jobdb_info/jobpost.asp?job=2301110003251,스크립트 개발 (영업기획팀 MI파트),주식회사 무신사,"웹프로그래머,응용프로그래머,빅데이터·AI(인공지능)"
https://job.incruit.com/jobdb_info/jobpost.asp?job=2204290005317,"[보안 컨설팅] 수준높은 취약점 진단, 모의해킹 컨설턴트 신입/경력 정규직, 병특",(주)인더포레스트,"네트워크·서버·보안,통신·모바일"
https://job.incruit.com/jobdb_info/jobpost.asp?job=2301030002616,[경영혁신본부] 플랫폼 개발자(정규직),샘표식품주식회사,"웹프로그래머,응용프로그래머,빅데이터·AI(인공지능)"
https://job.incruit.com/jobdb_info/jobpost.asp?job=2302060002061,[단기계약직] 데이터 분석/처리 언어학자 모집,(주)엔씨소프트,"응용프로그래머,빅데이터·AI(인공지능)"
https://job.incruit.com/jobdb_info/jobpost.asp?job=2206110000103,[3년 이상] Analytics/Data Angineer,(주)아이디케이스퀘어드,"데이터베이스·DBA,빅데이터·AI(인공지능)"
https://job.incruit.com/jobdb_info/jobpost.asp?job=2205060001280,"백엔드개발자, 모바일앱개발, 블록체인 개발 외 경력 정규직 채용",(주)와이즈텍,"웹프로그래머,응용프로그래머,네트워크·서버·보안"
https://job.incruit.com/jobdb_info/jobpost.asp?job=2301160006394,[스스스스] 디지털 미디어 매니저 경력 채용,주식회사 스스스스,마케팅
https://job.incruit.com/jobdb_info/jobpost.asp?job=2301050001606,[AI Lab] AI Assistant 자연어이해 모델 연구/개발자 영입,(주)카카오엔터프라이즈,"웹프로그래머,응용프로그래머,빅데이터·AI(인공지능)"
https://job.incruit.com/jobdb_info/jobpost.asp?job=2104070005520,인공지능(AI) / 딥러닝 / SLAM 경력직 채용,(주)더블미,"응용프로그래머,빅데이터·AI(인공지능)"
https://job.incruit.com/jobdb_info/jobpost.asp?job=2301170004864,기상기후 연구 개발 / GIS 연구 개발 / 기획연구 참여 인력 모집,지씨에스솔루션,"연구원·연구개발,응용프로그래머,통신·모바일"
https://job.incruit.com/jobdb_info/jobpost.asp?job=2211250003362,[취업축하금 300] 웹 크롤러 채용 - 주거안정비 지원,(주)미스고,"빅데이터·AI(인공지능),웹프로그래머,전산·IT기술지원"
https://job.incruit.com/jobdb_info/jobpost.asp?job=2301160006379,[스스스스] 2023년 상반기 신입 공개 채용 - 디지털 미디어 마케터,주식회사 스스스스,마케팅
https://job.incruit.com/jobdb_info/jobpost.asp?job=2302080004613,[KREAM] 백엔드 추천 시스템 개발자 모집,크림,"웹프로그래머,응용프로그래머"
https://job.incruit.com/jobdb_info/jobpost.asp?job=2207120001022,[잔디소프트] 개발툴 프로그래머 신입/경력 정규직 채용,(주)잔디소프트,"응용프로그래머,웹프로그래머"
https://job.incruit.com/jobdb_info/jobpost.asp?job=2107280004351,"데이터베이스개발자, 웹개발 신입/경력 정규직 채용",주식회사 여의도사람들,"데이터베이스·DBA,웹프로그래머"
https://job.incruit.com/jobdb_info/jobpost.asp?job=2301190005031,"[메가존클라우드] Solutions Architect, GCP / DevOps",메가존클라우드(주),응용프로그래머
https://job.incruit.com/jobdb_info/jobpost.asp?job=2301190004955,[메가존클라우드] Elastic Enginner,메가존클라우드(주),"응용프로그래머,웹프로그래머"
https://job.incruit.com/jobdb_info/jobpost.asp?job=2302010000295,[토스증권] Search Engineer (Engineering),(주)비바리퍼블리카,응용프로그래머
https://job.incruit.com/jobdb_info/jobpost.asp?job=2301250000352,[서울지사][던파모바일2D] 플랫폼 테크니컬 엔지니어,(주)네오플,응용프로그래머
https://job.incruit.com/jobdb_info/jobpost.asp?job=2302030005042,[11번가] 검색서비스 개발 분야 모집,십일번가(주),응용프로그래머
https://job.incruit.com/jobdb_info/jobpost.asp?job=2302060000501,[경력] 교육 기획/운영 담당자,네이버웹툰(주),인사·채용·인재개발(HRM·HRD)
https://job.incruit.com/jobdb_info/jobpost.asp?job=2301230000222,병원용 로봇 SW / HW / 제어 엔지니어 채용,(주)다민로봇,"응용프로그래머,기계·금속·재료,전산·IT기술지원"
https://job.incruit.com/jobdb_info/jobpost.asp?job=2301310003275,연구소 연구개발 신입/경력 공개채용,(주)넷맨,응용프로그래머
https://job.incruit.com/jobdb_info/jobpost.asp?job=2205160002604,2023년 상반기 백엔드 개발자 모집,(주)반달소프트,웹프로그래머
https://job.incruit.com/jobdb_info/jobpost.asp?job=2212190004848,[디지털일자리매칭플랫폼] 웹 크롤러,미스고,빅데이터·AI(인공지능)
https://job.incruit.com/jobdb_info/jobpost.asp?job=2301260000268,[Unannounced Project] Technical Artist,EA KOREA,"광고·광고기획(AE),응용프로그래머,웹프로그래머"
https://job.incruit.com/jobdb_info/jobpost.asp?job=2301160000073,ML Engineer,(주)비바리퍼블리카,"데이터베이스·DBA,응용프로그래머"
https://job.incruit.com/jobdb_info/jobpost.asp?job=2301020002509,QE(quality engineer) 자동화 개발자 영입,베스핀글로벌(주),"웹프로그래머,응용프로그래머,빅데이터·AI(인공지능)"
https://job.incruit.com/jobdb_info/jobpost.asp?job=2301160001595,Business Data Analyst,벡톤디킨슨코리아(주),"데이터베이스·DBA,응용프로그래머"
https://job.incruit.com/jobdb_info/jobpost.asp?job=2302030002843,인프라 개발 연구원 채용공고(경력),(주)타파크로스,"네트워크·서버·보안,전산·IT기술지원,통신·모바일"
https://job.incruit.com/jobdb_info/jobpost.asp?job=2212210004047,금융데이터 분석 서비스 개발자 과정 강사 채용,제이엠피코리아(주),IT·문화·직업강사
https://job.incruit.com/jobdb_info/jobpost.asp?job=2301110001616,(주)웨이브웨어 2023 년도 (프로그래머) 신입.경력 채용,(주)웨이브웨어,"응용프로그래머,빅데이터·AI(인공지능)"
https://job.incruit.com/jobdb_info/jobpost.asp?job=2302030000299,MLOps Engineer,(주)비바리퍼블리카,"응용프로그래머,데이터베이스·DBA"
https://job.incruit.com/jobdb_info/jobpost.asp?job=2206240004715,[NHN] 데이터 서비스/플랫폼 개발,NHN,"빅데이터·AI(인공지능),데이터베이스·DBA"
https://job.incruit.com/jobdb_info/jobpost.asp?job=2301160000169,Data Engineer (Analytics),(주)비바리퍼블리카,"데이터베이스·DBA,응용프로그래머"
https://job.incruit.com/jobdb_info/jobpost.asp?job=2302080005346,[KREAM] 백엔드 주문/결제/정산 시스템 개발자 모집,크림,"웹프로그래머,응용프로그래머"
https://job.incruit.com/jobdb_info/jobpost.asp?job=2301190003956,[티빙] 클라우드 엔지니어 (Cloud Engineer) 경력채용,(주)티빙,응용프로그래머
https://job.incruit.com/jobdb_info/jobpost.asp?job=2302060004744,[Lighthouse] AI Solution 서버 개발자 정규직 채용,삼정회계법인,"응용프로그래머,빅데이터·AI(인공지능)"
https://job.incruit.com/jobdb_info/jobpost.asp?job=2301260000180,[인텔리전스랩스] 탐지응용팀 백엔드 개발자 (Python/Go),(주)넥슨코리아,"웹프로그래머,응용프로그래머"
https://job.incruit.com/jobdb_info/jobpost.asp?job=2302030003538,[신입] DataOps Engineer,네이버웹툰(주),응용프로그래머
https://job.incruit.com/jobdb_info/jobpost.asp?job=2301300001982,[매니지드서비스팀] 호스팅 서비스 기술지원 담당자 모집,카페24 주식회사,전산·IT기술지원
https://job.incruit.com/jobdb_info/jobpost.asp?job=2302060001689,실외배송로봇개발 전문연구요원/신입/경력직 모집,(주)로보티즈,"소프트웨어·하드웨어,빅데이터·AI(인공지능),응용프로그래머,전자·반도체,기계·금속·재료"
https://job.incruit.com/jobdb_info/jobpost.asp?job=2301300006956,데이터 파이프라인 개발자 (신입),이마고웍스(주),"빅데이터·AI(인공지능),데이터베이스·DBA"
https://job.incruit.com/jobdb_info/jobpost.asp?job=2211070005115,"개발자 채용(연봉 4,000 ~ 5,000 협의)",(주)볼트시뮬레이션,"응용프로그래머,소프트웨어·하드웨어"
https://job.incruit.com/jobdb_info/jobpost.asp?job=2211030000154,"[(주)인브레인에이아이] Android, iOS 외 경력 정규직 채용",주식회사 인브레인에이아이,"응용프로그래머,빅데이터·AI(인공지능)"
https://job.incruit.com/jobdb_info/jobpost.asp?job=2209170000832,플랫폼 백엔드 개발자 채용,주식회사 비즈부스터,"웹프로그래머,응용프로그래머"
https://job.incruit.com/jobdb_info/jobpost.asp?job=2301260001967,"Web System(JSP, Srping), APP Platform 개발",망고트리(주),응용프로그래머
https://job.incruit.com/jobdb_info/jobpost.asp?job=2207010005572,[Vueron] Field Application Engineer,(주)뷰런테크놀로지,빅데이터·AI(인공지능)
https://job.incruit.com/jobdb_info/jobpost.asp?job=2302070000094,경영기획/분석 담당자,한국카카오은행(주),"데이터베이스·DBA,응용프로그래머"
https://job.incruit.com/jobdb_info/jobpost.asp?job=2302010004076,딥러닝 영상 인식 Researcher 모집,(주)앤씨앤,"빅데이터·AI(인공지능),ERP·시스템분석·설계,웹프로그래머,응용프로그래머,조사·분석·통계,전산·IT기술지원"
https://job.incruit.com/jobdb_info/jobpost.asp?job=2302010002559,OpenCV/MATLAB/TensorFlow/Python/C/C++/Linux 알고리즘 엔지니어 모집,(주)더마미러,응용프로그래머
https://job.incruit.com/jobdb_info/jobpost.asp?job=2206210006737,[글로벌디지털마케팅] SEO 컨설턴트 신입/경력 정규직 채용,콘센트릭스서비스코리아,"컨텐츠·사이트운영,기술영업,ERP·시스템분석·설계,빅데이터·AI(인공지능),데이터베이스·DBA"
https://job.incruit.com/jobdb_info/jobpost.asp?job=2301160001746,LINE Messaging Server Engineer,라인플러스,"데이터베이스·DBA,웹프로그래머,응용프로그래머"
https://job.incruit.com/jobdb_info/jobpost.asp?job=2111010000558,[전문연구요원] 의료영상 리서치 엔지니어 정규직 채용,(주)메디픽셀,응용프로그래머
https://job.incruit.com/jobdb_info/jobpost.asp?job=2105200003610,[인공지능기업] 데이터사이언티스트 채용 (경력),주식회사 딥브레인에이아이,"웹프로그래머,데이터베이스·DBA,빅데이터·AI(인공지능)"
https://job.incruit.com/jobdb_info/jobpost.asp?job=2208160007141,[글로벌디지털마케팅] MLOps Data Engineer 정규직 모집,콘센트릭스서비스코리아,"빅데이터·AI(인공지능),ERP·시스템분석·설계"
https://job.incruit.com/jobdb_info/jobpost.asp?job=2210070005120,[경력] Data Scientist,네이버웹툰(주),"ERP·시스템분석·설계,빅데이터·AI(인공지능),응용프로그래머"
https://job.incruit.com/jobdb_info/jobpost.asp?job=2301300004811,[(주)카이미] 인공지능 소프트웨어 엔지니어 채용(신입/경력),주식회사 카이미,"응용프로그래머,소프트웨어·하드웨어,빅데이터·AI(인공지능)"
https://job.incruit.com/jobdb_info/jobpost.asp?job=2301170001690,(주)데이터누리 PM/PL & 데이터분석가 정규직 채용,(주)데이터누리,"ERP·시스템분석·설계,빅데이터·AI(인공지능)"
https://job.incruit.com/jobdb_info/jobpost.asp?job=2201140004421,[메디픽셀] 딥러닝 & SW 개발 엔지니어 채용,(주)메디픽셀,"응용프로그래머,빅데이터·AI(인공지능)"
https://job.incruit.com/jobdb_info/jobpost.asp?job=2301180003047,"Software Engineer, Server Platform (Foundations)",(주)센드버드코리아,"전산·IT기술지원,응용프로그래머"
https://job.incruit.com/jobdb_info/jobpost.asp?job=2301270006227,"데이터마이닝, 인공지능(AI) 외 경력 채용",루벤티스 주식회사,"데이터베이스·DBA,응용프로그래머,웹프로그래머"
https://job.incruit.com/jobdb_info/jobpost.asp?job=2302010004234,Machine/Deep learning 영상 인식 개발자 모집,(주)앤씨앤,"응용프로그래머,빅데이터·AI(인공지능),ERP·시스템분석·설계"
https://job.incruit.com/jobdb_info/jobpost.asp?job=2302020001183,[경력]빅데이터&웹 개발자 정규직,(주)씨디에스,응용프로그래머
https://job.incruit.com/jobdb_info/jobpost.asp?job=2302030002255,[대한민국 채용박람회]코아아이티 IT개발자 채용합니다,(주)코아아이티,"응용프로그래머,웹프로그래머"
https://job.incruit.com/jobdb_info/jobpost.asp?job=2205310002039,"백엔드개발자, 모바일앱 개발자, 블록체인 개발자 신입 모집 공고",(주)와이즈텍,"웹프로그래머,응용프로그래머,네트워크·서버·보안"
https://job.incruit.com/jobdb_info/jobpost.asp?job=2301270002905,[내일드림데이](주)아이브릭스 기업부설연구소 채용공고_AI파트,(주)아이브릭스,응용프로그래머
https://job.incruit.com/jobdb_info/jobpost.asp?job=2301260001571,필드 엔지니어(FAE/기술지원) 채용,(주)마젠타로보틱스,"응용프로그래머,연구원·연구개발,기계·금속·재료"
https://job.incruit.com/jobdb_info/jobpost.asp?job=2205060001597,"백엔드개발자, 모바일앱개발, 블록체인개발자 경력 정규직 채용",(주)와이즈텍,"웹프로그래머,응용프로그래머,네트워크·서버·보안"
https://job.incruit.com/jobdb_info/jobpost.asp?job=2301310004503,백앤드 개발자와 프론트엔트 웹개발자를 구인합니다.,티디랩,"응용프로그래머,네트워크·서버·보안,게임(Game),웹프로그래머,컨텐츠·사이트운영"
https://job.incruit.com/jobdb_info/jobpost.asp?job=2107030000280,"프로그래밍, 컴퓨터 외 신입/경력 정규직 채용",코딩골드스쿨컴퓨터학원,IT·문화·직업강사
https://job.incruit.com/jobdb_info/jobpost.asp?job=2205310002068,"백엔드 개발자, 모바일앱 개발자, 블록체인 개발자 경력직 모집 공고",(주)와이즈텍,"웹프로그래머,응용프로그래머,네트워크·서버·보안"
https://job.incruit.com/jobdb_info/jobpost.asp?job=2302080001061,[(주)쇼엠] 개발자 사원 모집,주식회사 쇼엠,"네트워크·서버·보안,시스템프로그래머,전산·IT기술지원"
https://job.incruit.com/jobdb_info/jobpost.asp?job=2301200000410,[NHN DATA] 백엔드 개발자(Python) 경력 채용,(주)엔에이치엔데이터,"웹프로그래머,데이터베이스·DBA"
https://job.incruit.com/jobdb_info/jobpost.asp?job=2205180001776,"(주)누리기술에서 신입 및 경력 프로그래머 (C++, Python)를 채용합니다.",(주)누리기술,"전자·반도체,응용프로그래머,시스템프로그래머"
https://job.incruit.com/jobdb_info/jobpost.asp?job=2301160004553,Sr. Back-end Engineer (Python),Brave Mobile,"응용프로그래머,웹프로그래머"
https://job.incruit.com/jobdb_info/jobpost.asp?job=2201100005848,개발자 모집 - Python 서버 프로그램 개발,(주)바인테크,"데이터베이스·DBA,소프트웨어·하드웨어"
https://job.incruit.com/jobdb_info/jobpost.asp?job=2112230002012,"영상처리, 컴퓨터 비전 전문가 모집 (신입/경력)",(주)에바,"응용프로그래머,빅데이터·AI(인공지능)"
https://job.incruit.com/jobdb_info/jobpost.asp?job=2301260001371,(주) 우리아이오 응용프로그래머 경력자 채용공고,(주)우리아이오,응용프로그래머
https://job.incruit.com/jobdb_info/jobpost.asp?job=2302070001730,프로그래밍 언어 및 파이선 강사 모집,세종컴퓨터학원,IT·문화·직업강사
https://job.incruit.com/jobdb_info/jobpost.asp?job=2211010006331,파이썬(python) 백엔드 개발자 (전문연구요원/산업기능요원 가능),아토머스,웹프로그래머
https://job.incruit.com/jobdb_info/jobpost.asp?job=2012230000193,파이썬 개발자 초중급 이상 모집합니다.,(주)데이터앤솔루션,응용프로그래머
https://job.incruit.com/jobdb_info/jobpost.asp?job=2301270005692,"자바, 파이썬, 안드로이드 개발자 모집",(주)코스턴,응용프로그래머
https://job.incruit.com/jobdb_info/jobpost.asp?job=2207200001838,"자바, 파이썬, 스프링, 웹 개발자 과정 훈련 강사 구인 공고",주식회사하이미디어디자인학원,IT·문화·직업강사
https://job.incruit.com/jobdb_info/jobpost.asp?job=2208160007171,[글로벌디지털마케팅] Python Backend Engineer 정규직 모집,콘센트릭스서비스코리아,"빅데이터·AI(인공지능),ERP·시스템분석·설계,응용프로그래머"
https://job.incruit.com/jobdb_info/jobpost.asp?job=2302080006284,국비무료 파이썬 활용 빅데이터 분석 전문가 양성 과정 모집,(사)한국산업기술협회,빅데이터·AI(인공지능)
https://job.incruit.com/jobdb_info/jobpost.asp?job=2301270000596,제조 어플리케이션 개발자 채용,유디엠텍,응용프로그래머
https://job.incruit.com/jobdb_info/jobpost.asp?job=2302020000145,C# S/W 개발자 or Python 응용 S/W 개발(사원주임대리과장,(주)제스엔지니어링,"응용프로그래머,소프트웨어·하드웨어,빅데이터·AI(인공지능)"
https://job.incruit.com/jobdb_info/jobpost.asp?job=2208010004837,Python 서버 어플리케이션 개발자,(주)바인테크,"데이터베이스·DBA,ERP·시스템분석·설계,소프트웨어·하드웨어"
https://job.incruit.com/jobdb_info/jobpost.asp?job=2301160000278,Python Developer (Internal Product),(주)비바리퍼블리카,"웹프로그래머,응용프로그래머,빅데이터·AI(인공지능)"
https://job.incruit.com/jobdb_info/jobpost.asp?job=2210120002475,"JAVA, Python, C, C++, C#, 임베디드, Linux 신입/경력 정규직 채용",(주)이지서티,"웹프로그래머,응용프로그래머,시스템프로그래머"
https://job.incruit.com/jobdb_info/jobpost.asp?job=2210180003731,"코딩 학원 전임 강사 모집합니다. (파이썬, c언어)",코딩하는아이들컴퓨터학원,IT·문화·직업강사
https://job.incruit.com/jobdb_info/jobpost.asp?job=2302060005516,파이썬 데이터분석 프리랜서 강사 모집,(주)디랩동탄아카데미,"IT·문화·직업강사,빅데이터·AI(인공지능),응용프로그래머"
https://job.incruit.com/jobdb_info/jobpost.asp?job=2301160005626,"Android, iOS 외 신입/경력 채용",(주)크리모,응용프로그래머
https://job.incruit.com/jobdb_info/jobpost.asp?job=2112200003928,[코리아교육그룹]Python / JAVA / C언어/ C# / C++ 강사 모집중,(주)에스씨에이아카데미혜화,"응용프로그래머,웹프로그래머"
https://job.incruit.com/jobdb_info/jobpost.asp?job=2204140000862,"비전인식, 머신러닝 외 신입/경력 정규직 채용",(주)에이아이딥,빅데이터·AI(인공지능)
https://job.incruit.com/jobdb_info/jobpost.asp?job=2301310006206,"대전 소프트웨어 개발자 채용 공고 (Springboot,추천시스템,빅데이터,Python,jsp)",주식회사 이에프,응용프로그래머
https://job.incruit.com/jobdb_info/jobpost.asp?job=2212210001202,"시스템 개발/운영 부문 경력채용(Vue.js, Python, MySQL)",현대오토에버(주),"ERP·시스템분석·설계,네트워크·서버·보안"
https://job.incruit.com/jobdb_info/jobpost.asp?job=2206100008160,2022년 계약직 채용 - 웹 개발,KBS미디어(주),웹프로그래머
https://job.incruit.com/jobdb_info/jobpost.asp?job=2212120001955,"[(주)한국해양기상기술] 풀스택 개발자 (python, javascript, php, gis)",(주)한국해양기상기술,"웹디자인,웹프로그래머,웹기획·웹마케팅·PM,컨텐츠·사이트운영,응용프로그래머,빅데이터·AI(인공지능),데이터베이스·DBA"
https://job.incruit.com/jobdb_info/jobpost.asp?job=2301260003276,[정규직 / 역세권] Python 개발자 채용,(주)키온비트,"빅데이터·AI(인공지능),응용프로그래머"
https://job.incruit.com/jobdb_info/jobpost.asp?job=2206050000002,[마블러스] 백엔드 개발자 주니어/시니어 채용,(주)마블러스,"게임(Game),응용프로그래머,빅데이터·AI(인공지능)"
https://job.incruit.com/jobdb_info/jobpost.asp?job=2301200001697,[메가존클라우드] DevOps Architect / Engineer,메가존클라우드(주),"ERP·시스템분석·설계,응용프로그래머,데이터베이스·DBA"
https://job.incruit.com/jobdb_info/jobpost.asp?job=2108240004048,[대기업] 데이터분석가 경력 채용(대리~과장급 2명),에이치알니즈,"빅데이터·AI(인공지능),조사·분석·통계,데이터베이스·DBA"
https://job.incruit.com/jobdb_info/jobpost.asp?job=2301090002307,"웹/앱 서비스 개발자 모집(신입, 경력)",(주)디로그,"웹프로그래머,통신·모바일"
https://job.incruit.com/jobdb_info/jobpost.asp?job=2210260001641,메타노드 개발팀/연구소 경력 개발자 추가 채용,주식회사 메타노드,웹프로그래머
https://job.incruit.com/jobdb_info/jobpost.asp?job=2301300005032,"C·C++, 인공지능(AI) 외 신입 채용",(주)엑스큐브,응용프로그래머
https://job.incruit.com/jobdb_info/jobpost.asp?job=2302070006262,국산 전산유체해석 소프트웨어 K-CFD (밀도기반 전산유체해석) 운용 담당자 모집,(주)경원테크,"웹프로그래머,응용프로그래머"
https://job.incruit.com/jobdb_info/jobpost.asp?job=2301270002284,[내일드림데이]솔루션개발 및 구축(신입/경력),(주)아이브릭스,"응용프로그래머,네트워크·서버·보안,게임(Game),웹프로그래머,컨텐츠·사이트운영"
https://job.incruit.com/jobdb_info/jobpost.asp?job=2302070007785,[신입] 서비스 인프라 관리자 모집 (DevOps),(주)안랩,"ERP·시스템분석·설계,웹프로그래머"
https://job.incruit.com/jobdb_info/jobpost.asp?job=2301270000465,"빅데이터 분석 및 컨설팅 / AI 솔루션 개발/ 웹,앱서비스 개발 채용",(주)데이터에듀,빅데이터·AI(인공지능)
https://job.incruit.com/jobdb_info/jobpost.asp?job=2301170003776,[신입]백엔드 개발자,(주)엘리스,"웹프로그래머,응용프로그래머,전산·IT기술지원"
https://job.incruit.com/jobdb_info/jobpost.asp?job=2301270004555,기술연구소 전기전자 신입 채용,신흥정공(주),기계·금속·재료
https://job.incruit.com/jobdb_info/jobpost.asp?job=2210250002028,웹개발자(JAVA) 정규직 신입경력직,(주)데이터스트림즈,"웹프로그래머,응용프로그래머"
https://job.incruit.com/jobdb_info/jobpost.asp?job=2301300001492,"자동차, 메카트로닉스 외 경력 채용",에이치알니즈,"기계·금속·재료,연구원·연구개발"
https://job.incruit.com/jobdb_info/jobpost.asp?job=2211220003687,[스타랩스] 웹개발(JAVA) 경력 정규직 채용,(주)스타랩스,웹프로그래머
https://job.incruit.com/jobdb_info/jobpost.asp?job=2301270003559,자율주행 General SW Engineer (정규직/채용연계형 인턴),(주)라이드플럭스,"소프트웨어·하드웨어,전산·IT기술지원,응용프로그래머"
https://job.incruit.com/jobdb_info/jobpost.asp?job=2301180000529,D&A(Digitalization & Automation) Software Developer,에이에스엠엘코리아(주),"소프트웨어·하드웨어,응용프로그래머"
https://job.incruit.com/jobdb_info/jobpost.asp?job=2302010001883,DevOps 엔지니어 모집,(주)엔픽셀,"응용프로그래머,웹프로그래머"
https://job.incruit.com/jobdb_info/jobpost.asp?job=2301250007404,지능형 서비스 로봇 개발 벤처기업에서 HW/SW/기구 개발 관련 개발자를 모집합니다( 신입/경력 채용 ),(주)제우스로보틱스,"웹프로그래머,응용프로그래머,시스템프로그래머"
https://job.incruit.com/jobdb_info/jobpost.asp?job=2301050001690,[클라우드개발] Cloud Service SET(Software Engineer in Test) 영입,(주)카카오엔터프라이즈,"응용프로그래머,컨텐츠·사이트운영"
https://job.incruit.com/jobdb_info/jobpost.asp?job=2301200002774,[서울지사][AK] 멀티플레이 컨텐츠 프로그래머 모집,(주)네오플,컨텐츠·사이트운영
https://job.incruit.com/jobdb_info/jobpost.asp?job=2302070006679,"[경력] 프론트, 백엔드 개발자 모집",(주)새론솔루션,"빅데이터·AI(인공지능),응용프로그래머"
https://job.incruit.com/jobdb_info/jobpost.asp?job=2301180002769,(주)데이터누리 개발 품질관리 정규직 채용,(주)데이터누리,"빅데이터·AI(인공지능),소프트웨어·하드웨어,웹프로그래머"
https://job.incruit.com/jobdb_info/jobpost.asp?job=2301200002776,[서울지사][던파모바일2D] 플랫폼 서버 구현/서버 기술 R&D 프로그래머 모집,(주)네오플,게임(Game)
https://job.incruit.com/jobdb_info/jobpost.asp?job=2207210002521,"웹개발, JAVA 외 신입/경력 정규직, 병역특례 채용",(주)스마트디아그노시스,"웹프로그래머,응용프로그래머,빅데이터·AI(인공지능)"
https://job.incruit.com/jobdb_info/jobpost.asp?job=2211090004400,"전액 국비지원 IT취업연계 교육 JAVA웹&앱, 빅데이터, 인공지능",중앙정보처리학원,"웹프로그래머,빅데이터·AI(인공지능)"
https://job.incruit.com/jobdb_info/jobpost.asp?job=2208290002709,[롯데정보통신] 카드IS팀 시스템 엔지니어 (인프라구축/운영),롯데정보통신(주),"네트워크·서버·보안,ERP·시스템분석·설계,빅데이터·AI(인공지능)"
https://job.incruit.com/jobdb_info/jobpost.asp?job=2301300001906,[GMP팀] 글로벌 마케팅 플랫폼 개발자 모집,카페24 주식회사,"마케팅,네트워크·서버·보안,응용프로그래머"
https://job.incruit.com/jobdb_info/jobpost.asp?job=2207110002407,"개발자, 기획자 채용",주식회사 인브레인에이아이,"웹프로그래머,응용프로그래머,웹기획·웹마케팅·PM"
https://job.incruit.com/jobdb_info/jobpost.asp?job=2103080001222,딥러닝 AI 개발 연구원 모집,주식회사 베이리스,"시스템프로그래머,응용프로그래머,빅데이터·AI(인공지능)"
https://job.incruit.com/jobdb_info/jobpost.asp?job=2205240008236,"프론트엔드, 웹개발 외 신입/경력 정규직 채용",(주)페임유니버스,"웹프로그래머,통신·모바일,네트워크·서버·보안"
https://job.incruit.com/jobdb_info/jobpost.asp?job=2208300008812,[데브시스터즈] Data Analyst,데브시스터즈(주),"데이터베이스·DBA,응용프로그래머,전산·IT기술지원"
https://job.incruit.com/jobdb_info/jobpost.asp?job=2209150001369,플랫폼 풀스택 개발자를 모십니다.,주식회사 비즈부스터,"웹프로그래머,응용프로그래머"
https://job.incruit.com/jobdb_info/jobpost.asp?job=2301260001441,[PTKOREA] 디지털 마케팅 데이터 분석 기획,펑타이그레이터차이나 유한회사,데이터베이스·DBA
https://job.incruit.com/jobdb_info/jobpost.asp?job=2203290007184,오픈소스 쿠버네티스 교육 전임강사 인재채용,주식회사 오에스씨코리아,"응용프로그래머,웹프로그래머,IT·문화·직업강사"
https://job.incruit.com/jobdb_info/jobpost.asp?job=2111100004342,소프트웨어 개발 경력 채용,(주)매크로액트,응용프로그래머
https://job.incruit.com/jobdb_info/jobpost.asp?job=2301260006408,[CARVI] Back-end 개발자 채용,(주)카비,웹프로그래머
https://job.incruit.com/jobdb_info/jobpost.asp?job=2203180000472,[안진회계법인] 리스크자문본부 Digital Finance 컨설턴트,안진회계법인,"세무·회계,웹프로그래머,경영·기획·전략"
https://job.incruit.com/jobdb_info/jobpost.asp?job=2301300001874,[SRE개발팀] 풀스택(Full-stack) 개발자 모집,카페24 주식회사,"네트워크·서버·보안,응용프로그래머"
https://job.incruit.com/jobdb_info/jobpost.asp?job=2301300004953,[PTKOREA] 디지털 광고 마케팅 솔루션 서비스 기획자 (리더급),펑타이그레이터차이나 유한회사,ERP·시스템분석·설계
https://job.incruit.com/jobdb_info/jobpost.asp?job=2212060004583,[안진회계법인] A&A Transformation & Analytics Data Specialist 경력직,안진회계법인,빅데이터·AI(인공지능)
https://job.incruit.com/jobdb_info/jobpost.asp?job=2209170000835,플랫폼 프론트엔드 개발자 채용,주식회사 비즈부스터,웹프로그래머
https://job.incruit.com/jobdb_info/jobpost.asp?job=2207110002137,백엔드 개발자(인턴십),주식회사 액스,"웹프로그래머,응용프로그래머,ERP·시스템분석·설계"
https://job.incruit.com/jobdb_info/jobpost.asp?job=2210030000643,다날핀테크 개발본부 DevOps 경력사원 모집,(주)다날핀테크,"ERP·시스템분석·설계,네트워크·서버·보안,시스템프로그래머"
https://job.incruit.com/jobdb_info/jobpost.asp?job=2301100003603,언어이해(NLU) 기술 전문가,에스케이텔레콤(주),응용프로그래머
https://job.incruit.com/jobdb_info/jobpost.asp?job=2301180000607,IT팀 신입/경력사원 모집,농업회사법인 조인(주),"전산·IT기술지원,통신·모바일"
https://job.incruit.com/jobdb_info/jobpost.asp?job=2302080005310,백엔드 개발자 모집,더벗,"웹프로그래머,응용프로그래머,네트워크·서버·보안,게임(Game),컨텐츠·사이트운영"
https://job.incruit.com/jobdb_info/jobpost.asp?job=2208040003725,Wi-Fi 소프트웨어 엔지니어 (신입/경력) 채용,인피니언코리아,"전자·반도체,연구원·연구개발,소프트웨어·하드웨어"
https://job.incruit.com/jobdb_info/jobpost.asp?job=2207290005610,[NHN] 게임 데이터 서비스/플랫폼 개발,NHN,"응용프로그래머,데이터베이스·DBA"
https://job.incruit.com/jobdb_info/jobpost.asp?job=2211210000230,[동국시스템즈] 빅데이터 솔루션 개발자 채용,동국시스템즈(주),"빅데이터·AI(인공지능),ERP·시스템분석·설계"
https://job.incruit.com/jobdb_info/jobpost.asp?job=2301200001477,[메가존클라우드] Azure DevOps,메가존클라우드(주),응용프로그래머
https://job.incruit.com/jobdb_info/jobpost.asp?job=2201270003143,가상자산 트레이딩 / 시스템 개발자 채용,(주)블록투리얼,"투자·분석·증권·외환,응용프로그래머"
https://job.incruit.com/jobdb_info/jobpost.asp?job=2202030004854,"2022년 상반기 주식회사 쏘마 전 개발 직군 채용(백엔드, 프론트엔드 외 신입/경력 정규직)",(주)쏘마,"웹프로그래머,응용프로그래머,빅데이터·AI(인공지능)"
https://job.incruit.com/jobdb_info/jobpost.asp?job=2210170005656,정보 보안 운영 관리 엔지니어 (신입/경력),(주)이스트게임즈,"네트워크·서버·보안,통신·모바일"
https://job.incruit.com/jobdb_info/jobpost.asp?job=2301180000411,[토스뱅크] Data Engineer,(주)비바리퍼블리카,"데이터베이스·DBA,빅데이터·AI(인공지능)"
https://job.incruit.com/jobdb_info/jobpost.asp?job=2302020005248,[신입/경력] 시스템 분석 지원 웹 서비스 개발,(주)안랩,"웹디자인,웹기획·웹마케팅·PM"
https://job.incruit.com/jobdb_info/jobpost.asp?job=2211020001673,IT 기술지원 엔지니어 신입/경력 정규직 채용,(주)시큐어키,"전산·IT기술지원,ERP·시스템분석·설계,네트워크·서버·보안"
https://job.incruit.com/jobdb_info/jobpost.asp?job=2302030004921,"Student Researcher, PhD, 2023",구글코리아(유),"응용프로그래머,ERP·시스템분석·설계,빅데이터·AI(인공지능)"
https://job.incruit.com/jobdb_info/jobpost.asp?job=2205110009833,AI Edge Device 임베디드 SW 개발자 모집,주식회사 디텍,시스템프로그래머
https://job.incruit.com/jobdb_info/jobpost.asp?job=2301310003297,[앨리슨파트너스] 2023 상반기 국내외 통합 공채 (국내/해외대학),앨리슨하이퍼앰(주),홍보·PR·전시·컨벤션
https://job.incruit.com/jobdb_info/jobpost.asp?job=2212050007514,[데브시스터즈] Data Analyst (Junior),데브시스터즈(주),"데이터베이스·DBA,응용프로그래머,전산·IT기술지원"
https://job.incruit.com/jobdb_info/jobpost.asp?job=2301160004025,"Software Engineer, Server (Application)",(주)센드버드코리아,"응용프로그래머,데이터베이스·DBA"
https://job.incruit.com/jobdb_info/jobpost.asp?job=2210070005113,[경력] MLOps Engineer,네이버웹툰(주),"응용프로그래머,웹프로그래머"
https://job.incruit.com/jobdb_info/jobpost.asp?job=2210170002085,[안진회계법인] 리스크자문본부 Data Analytics 컨설팅 경력직 채용,안진회계법인,"임원·경영분석·컨설팅,데이터베이스·DBA,빅데이터·AI(인공지능)"
https://job.incruit.com/jobdb_info/jobpost.asp?job=2208310004104,[데브시스터즈] Data Platform Software Engineer (Senior/Junior),데브시스터즈(주),"ERP·시스템분석·설계,통신·모바일,응용프로그래머"
https://job.incruit.com/jobdb_info/jobpost.asp?job=2301050000008,인공지능 및 머신러닝 연구원 초빙,(주)쿠노소프트,응용프로그래머
https://job.incruit.com/jobdb_info/jobpost.asp?job=2301200002787,[던전앤파이터][TA팀] 리깅TA 모집,(주)네오플,게임(Game)
https://job.incruit.com/jobdb_info/jobpost.asp?job=2211280001719,자율주행 Sr. Perception SW Engineer (상시채용),(주)라이드플럭스,"전산·IT기술지원,빅데이터·AI(인공지능),ERP·시스템분석·설계,소프트웨어·하드웨어,응용프로그래머"
https://job.incruit.com/jobdb_info/jobpost.asp?job=2212290000050,Back-end 개발자,아주큐엠에스 주식회사,"웹프로그래머,응용프로그래머"
https://job.incruit.com/jobdb_info/jobpost.asp?job=2204250006345,컴파일러 엔지니어 채용,(주)딥엑스,"응용프로그래머,빅데이터·AI(인공지능),전산·IT기술지원"
https://job.incruit.com/jobdb_info/jobpost.asp?job=2301110001667,[포스코ICT] 경력직 AI전문인력 채용,포스코아이씨티(주),"응용프로그래머,빅데이터·AI(인공지능),ERP·시스템분석·설계"
https://job.incruit.com/jobdb_info/jobpost.asp?job=2302010003846,[경력] 23년 AMOREPACIFIC 경력채용 머신러닝 엔지니어(추천서비스 설계/개발),(주)아모레퍼시픽,"빅데이터·AI(인공지능),데이터베이스·DBA"
https://job.incruit.com/jobdb_info/jobpost.asp?job=2301200003020,[서울지사][던파모바일2D] 서버 빌드 담당자 모집,(주)네오플,네트워크·서버·보안
https://job.incruit.com/jobdb_info/jobpost.asp?job=2112230001983,"자율 주행, 로봇 SW 개발자 모집",(주)에바,"빅데이터·AI(인공지능),전자·반도체,응용프로그래머"
https://job.incruit.com/jobdb_info/jobpost.asp?job=2301020002301,데이터플랫폼/기준정보 부문 경력 채용,현대오토에버(주),"빅데이터·AI(인공지능),데이터베이스·DBA"
https://job.incruit.com/jobdb_info/jobpost.asp?job=2211140002317,"웹개발, 프론트엔드 신입/경력 계약직 채용",(유)뮤레파코리아,웹프로그래머
https://job.incruit.com/jobdb_info/jobpost.asp?job=2301130000384,[영주공장] 공정 엔지니어 경력직 채용,노벨리스코리아주식회사,전자·반도체
https://job.incruit.com/jobdb_info/jobpost.asp?job=2211150006630,[글로벌보안본부] 정보보안 담당자,(주)넥슨코리아,"네트워크·서버·보안,통신·모바일"
https://job.incruit.com/jobdb_info/jobpost.asp?job=2202210004293,[카카오 클라우드]DBaaS(DataBase As A Service) 개발자 모집,주식회사 카카오,"빅데이터·AI(인공지능),데이터베이스·DBA"
https://job.incruit.com/jobdb_info/jobpost.asp?job=2301270000531,프로젝트 기획/수행 연구원 채용,(주)데이터에듀,"빅데이터·AI(인공지능),경영·기획·전략"
https://job.incruit.com/jobdb_info/jobpost.asp?job=2301310000067,[LOST ARK] DevOps 담당,(주)스마일게이트알피지,"응용프로그래머,웹프로그래머"
https://job.incruit.com/jobdb_info/jobpost.asp?job=2301300006979,"C#, JAVA 외 신입/경력 채용",디케이소프트(주),"응용프로그래머,웹프로그래머"
https://job.incruit.com/jobdb_info/jobpost.asp?job=2301120004165,빅데이터 분석 담당자 정규직 채용공고,이노뎁(주),"빅데이터·AI(인공지능),ERP·시스템분석·설계"
https://job.incruit.com/jobdb_info/jobpost.asp?job=2302010004092,[경력] 솔루션 기술 지원 Engineer 채용,(주)알체라,"빅데이터·AI(인공지능),응용프로그래머,ERP·시스템분석·설계"
https://job.incruit.com/jobdb_info/jobpost.asp?job=2209230001665,"웹개발자 백엔드&서버개발(HTML·DHTML·mHTML, JAVA 외) 신입/경력 정규직 채용",블록스퀘어서울,웹프로그래머
https://job.incruit.com/jobdb_info/jobpost.asp?job=2111250003220,"PHP, JAVA 신입/경력 정규직 채용",(주)한국전자입찰연구소,웹프로그래머
https://job.incruit.com/jobdb_info/jobpost.asp?job=2110220004004,[램플코딩학원] 온오프라인 코딩 강사 채용,밸류에잇 벤처스,IT·문화·직업강사
https://job.incruit.com/jobdb_info/jobpost.asp?job=2203250001760,"API, 네트워크구축·운영·관리 외 경력 정규직 채용",(주)참좋은넷,"네트워크·서버·보안,응용프로그래머"
https://job.incruit.com/jobdb_info/jobpost.asp?job=2108240006086,"임베디드(Embedded), Linux 외 신입/경력 정규직, 계약직, 인턴 채용 (병특가능)",(주)테크플렉스,"시스템프로그래머,응용프로그래머"
https://job.incruit.com/jobdb_info/jobpost.asp?job=2301250002107,시스템 소프트웨어 개발자 채용,(주)엔엔에프텍,소프트웨어·하드웨어
https://job.incruit.com/jobdb_info/jobpost.asp?job=2302030004695,[농심NDS] 클라우드 운영 경력사원 채용,(주)엔디에스,"게임(Game),응용프로그래머"
https://job.incruit.com/jobdb_info/jobpost.asp?job=2302030001550,컴퓨터비전 개발자 경력 정규직 채용,라이트비전(주),"빅데이터·AI(인공지능),소프트웨어·하드웨어,응용프로그래머"
https://job.incruit.com/jobdb_info/jobpost.asp?job=2212160006453,학술 신입/경력 채용,시너지에이아이(주),빅데이터·AI(인공지능)
https://job.incruit.com/jobdb_info/jobpost.asp?job=2105200002885,[인공지능기업] 풀스택 개발자 (경력),주식회사 딥브레인에이아이,"웹프로그래머,응용프로그래머,빅데이터·AI(인공지능)"
https://job.incruit.com/jobdb_info/jobpost.asp?job=2301250008625,파이썬-장고 기반 웹사이트 개발자 모집,(주)홍소프트,"웹프로그래머,응용프로그래머,네트워크·서버·보안,게임(Game),컨텐츠·사이트운영"
https://job.incruit.com/jobdb_info/jobpost.asp?job=2208240004099,데이터표준품질부문 경력직 모집 (정규직),(주)한국정보기술단,"빅데이터·AI(인공지능),데이터베이스·DBA,응용프로그래머"
https://job.incruit.com/jobdb_info/jobpost.asp?job=2008210000910,[2020 대한민국 상생일자리 온라인 채용 박람회] 프로그래밍 & 사무자동화 강사 모집,등용문직업전문학교,IT·문화·직업강사
https://job.incruit.com/jobdb_info/jobpost.asp?job=2011300001765,JAVA 경력 정규직 채용,밀라노상인,웹프로그래머
https://job.incruit.com/jobdb_info/jobpost.asp?job=2302010008330,신입 및 경력 사원모집,다빈소프트(주),응용프로그래머
https://job.incruit.com/jobdb_info/jobpost.asp?job=2301300001975,[데이터엔지니어링팀] 데이터 엔지니어 모집,카페24 주식회사,"데이터베이스·DBA,응용프로그래머,웹프로그래머"
https://job.incruit.com/jobdb_info/jobpost.asp?job=2301160001945,Ultrasound Engineer(Junior)Ultrasound Engineer(Junior),지멘스헬시니어스(주),응용프로그래머
https://job.incruit.com/jobdb_info/jobpost.asp?job=2301030002138,각 분야별 개발자 정규직 채용,주식회사 시큐어키,"네트워크·서버·보안,웹프로그래머,응용프로그래머"
https://job.incruit.com/jobdb_info/jobpost.asp?job=2301170000172,[NAVER Z] Monetization & Data Analysis (계약직) 모집,네이버제트(주),응용프로그래머
https://job.incruit.com/jobdb_info/jobpost.asp?job=2104020004544,"프로그래밍, 컴퓨터 외 신입/경력 정규직, 계약직, 알바 채용",디엔씨,"IT·문화·직업강사,교사,보습·입시강사"
https://job.incruit.com/jobdb_info/jobpost.asp?job=2201250000465,[엑스퍼넷] 부설연구소 솔루션 지원 개발 신입/경력직 채용,(주)엑스퍼넷,"웹프로그래머,응용프로그래머,데이터베이스·DBA"
https://job.incruit.com/jobdb_info/jobpost.asp?job=2301260003293,판교 연구소 필드 엔지니어(FAE/기술지원) 채용공고,(주)마젠타로보틱스,"응용프로그래머,소프트웨어·하드웨어,빅데이터·AI(인공지능)"
https://job.incruit.com/jobdb_info/jobpost.asp?job=2302010004244,빅데이터 학습/관리/분석 모집,(주)앤씨앤,"빅데이터·AI(인공지능),ERP·시스템분석·설계,웹프로그래머,응용프로그래머"
https://job.incruit.com/jobdb_info/jobpost.asp?job=2302030001563,백엔드 경력 정규직 채용,라이트비전(주),"웹프로그래머,응용프로그래머,네트워크·서버·보안"
https://job.incruit.com/jobdb_info/jobpost.asp?job=2302010006383,아파트엔 정규직 신입 SW 개발자를 모집합니다.,(주)아파트엔,응용프로그래머
https://job.incruit.com/jobdb_info/jobpost.asp?job=2302030001526,SW개발 전문연구요원 편입(병역특례),라이트비전(주),"빅데이터·AI(인공지능),소프트웨어·하드웨어,응용프로그래머"
https://job.incruit.com/jobdb_info/jobpost.asp?job=2302010005211,빅데이터연구소 데이터 관리 담당자,부동산일일사주식회사,"데이터베이스·DBA,응용프로그래머"
https://job.incruit.com/jobdb_info/jobpost.asp?job=2301260001256,로봇소프트웨어개발자 신입/경력 채용,(주)마젠타로보틱스,"응용프로그래머,소프트웨어·하드웨어,빅데이터·AI(인공지능)"
https://job.incruit.com/jobdb_info/jobpost.asp?job=2105200004565,[인공지능기업] 머신러닝 병역특례 전문연구요원 모집,주식회사 딥브레인에이아이,빅데이터·AI(인공지능)
https://job.incruit.com/jobdb_info/jobpost.asp?job=2302020007986,(안동시) 웹프로그래밍 및 제조관리 정규직 모집,(주)에이디,데이터베이스·DBA
https://job.incruit.com/jobdb_info/jobpost.asp?job=2302020000300,서버 엔지니어 - 중고거래실,(주)당근마켓,"ERP·시스템분석·설계,응용프로그래머"
https://job.incruit.com/jobdb_info/jobpost.asp?job=2204250002526,"목동 컴퓨터 코딩학원 교육강사 모집(정규직 및 계약직, 경력무관)",아이브코딩목동학원,"IT·문화·직업강사,응용프로그래머,보습·입시강사"
https://job.incruit.com/jobdb_info/jobpost.asp?job=2012170004123,기업부설연구소 연구원 경력 정규직 채용,(주)이룸에스엔에스,"데이터베이스·DBA,응용프로그래머"
https://job.incruit.com/jobdb_info/jobpost.asp?job=2208300008095,[기업분석] 데이터 엔지니어 경력 채용,피데스어드바이저리,"빅데이터·AI(인공지능),ERP·시스템분석·설계,웹프로그래머,응용프로그래머"
https://job.incruit.com/jobdb_info/jobpost.asp?job=2301300001939,[개발팀] 시스템 엔지니어(자동화 설계/개발) 모집,카페24 주식회사,"네트워크·서버·보안,응용프로그래머,웹프로그래머"
https://job.incruit.com/jobdb_info/jobpost.asp?job=2302010005032,2023 Software Engineering Intern,구글코리아(유),응용프로그래머
https://job.incruit.com/jobdb_info/jobpost.asp?job=2102190000234,"웹개발, 백엔드 외 경력 정규직 채용",(주)아이티엔제이,"웹프로그래머,응용프로그래머"
